dayofmonth,delay
1,5.880076849
2,6.583612725
3,6.51427484
4,5.72504121
5,5.617730668
6,6.234195228
7,5.238585244
8,5.709573091
9,6.791383087
10,7.626597618
11,7.790095912
12,8.35188702
13,7.930974785
15,7.411397368
16,7.381433089
17,7.554253501
18,7.257577923
19,8.239321414
20,7.194946987
21,7.7364012
22,8.284285756
23,7.148757402
24,5.967936098
25,6.148831537
26,7.181985527
27,6.475257867
28,6.81405948
29,5.562215611
30,5.742982496
31,6.606454853
